{
	"info": {
		"_postman_id": "54d5a77e-0d34-415e-a3db-e177837bba6a",
		"name": "Chat Service",
		"schema": "https://schema.getpostman.com/json/collection/v2.1.0/collection.json",
		"_exporter_id": "5655915",
		"_collection_link": "https://cloudy-equinox-860261.postman.co/workspace/Guest-House~cde9bfef-9e8a-4bb5-8161-d2c0b11cab54/collection/5655915-54d5a77e-0d34-415e-a3db-e177837bba6a?action=share&source=collection_link&creator=5655915"
	},
	"item": [
		{
			"name": "Health check",
			"request": {
				"method": "GET",
				"header": [],
				"url": {
					"raw": "{{CHAT_BASE_URL}}/health-check/",
					"host": [
						"{{CHAT_BASE_URL}}"
					],
					"path": [
						"health-check",
						""
					]
				}
			},
			"response": []
		},
		{
			"name": "Create Room",
			"request": {
				"auth": {
					"type": "bearer",
					"bearer": [
						{
							"key": "token",
							"value": "{{ACCESS_TOKEN}}",
							"type": "string"
						}
					]
				},
				"method": "POST",
				"header": [],
				"body": {
					"mode": "raw",
					"raw": "{\n    \"listing\": 85,\n    \"to_user\": 5,\n    \"booking_data\": {\n        \"check_in\": \"2023-10-28\",\n        \"check_out\": \"2023-10-30\",\n        \"total_guest_count\": 1\n    },\n    \"message\": \"Hello, I need some information\"\n}",
					"options": {
						"raw": {
							"language": "json"
						}
					}
				},
				"url": {
					"raw": "{{BASE_URL}}/chat/user/start/",
					"host": [
						"{{BASE_URL}}"
					],
					"path": [
						"chat",
						"user",
						"start",
						""
					]
				}
			},
			"response": []
		},
		{
			"name": "Chat Room List",
			"request": {
				"auth": {
					"type": "bearer",
					"bearer": [
						{
							"key": "token",
							"value": "{{ACCESS_TOKEN}}",
							"type": "string"
						}
					]
				},
				"method": "GET",
				"header": [],
				"url": {
					"raw": "{{CHAT_BASE_URL}}/chat/user/rooms/",
					"host": [
						"{{CHAT_BASE_URL}}"
					],
					"path": [
						"chat",
						"user",
						"rooms",
						""
					]
				}
			},
			"response": []
		},
		{
			"name": "User List",
			"request": {
				"method": "GET",
				"header": [],
				"url": {
					"raw": "{{CHAT_BASE_URL}}/users/",
					"host": [
						"{{CHAT_BASE_URL}}"
					],
					"path": [
						"users",
						""
					]
				}
			},
			"response": []
		},
		{
			"name": "room-details",
			"request": {
				"auth": {
					"type": "bearer",
					"bearer": [
						{
							"key": "token",
							"value": "{{ACCESS_TOKEN}}",
							"type": "string"
						}
					]
				},
				"method": "GET",
				"header": [],
				"url": {
					"raw": "{{CHAT_BASE_URL}}/chat/user/rooms/653be41bab878dd1946b1380/",
					"host": [
						"{{CHAT_BASE_URL}}"
					],
					"path": [
						"chat",
						"user",
						"rooms",
						"653be41bab878dd1946b1380",
						""
					]
				}
			},
			"response": []
		},
		{
			"name": "Ws",
			"request": {
				"method": "GET",
				"header": []
			},
			"response": []
		},
		{
			"name": "Room List Admin",
			"request": {
				"auth": {
					"type": "bearer",
					"bearer": [
						{
							"key": "token",
							"value": "{{ACCESS_TOKEN}}",
							"type": "string"
						}
					]
				},
				"method": "GET",
				"header": [],
				"url": {
					"raw": "{{CHAT_BASE_URL}}/chat/admin/rooms",
					"host": [
						"{{CHAT_BASE_URL}}"
					],
					"path": [
						"chat",
						"admin",
						"rooms"
					]
				}
			},
			"response": []
		},
		{
			"name": "Room Detail Admin",
			"request": {
				"auth": {
					"type": "bearer",
					"bearer": [
						{
							"key": "token",
							"value": "{{ACCESS_TOKEN}}",
							"type": "string"
						}
					]
				},
				"method": "GET",
				"header": [],
				"url": {
					"raw": "{{CHAT_BASE_URL}}/chat/admin/rooms/654a80528d18a3388cea51b0/",
					"host": [
						"{{CHAT_BASE_URL}}"
					],
					"path": [
						"chat",
						"admin",
						"rooms",
						"654a80528d18a3388cea51b0",
						""
					]
				}
			},
			"response": []
		},
		{
			"name": "Admin Room Status Update",
			"request": {
				"auth": {
					"type": "bearer",
					"bearer": [
						{
							"key": "token",
							"value": "{{ACCESS_TOKEN}}",
							"type": "string"
						}
					]
				},
				"method": "PATCH",
				"header": [],
				"body": {
					"mode": "raw",
					"raw": "{\n    \"status\": \"closed\"\n}",
					"options": {
						"raw": {
							"language": "json"
						}
					}
				},
				"url": {
					"raw": "{{CHAT_BASE_URL}}/chat/admin/rooms/654a80528d18a3388cea51b0/",
					"host": [
						"{{CHAT_BASE_URL}}"
					],
					"path": [
						"chat",
						"admin",
						"rooms",
						"654a80528d18a3388cea51b0",
						""
					]
				}
			},
			"response": []
		},
		{
			"name": "New Request",
			"request": {
				"auth": {
					"type": "bearer",
					"bearer": [
						{
							"key": "token",
							"value": "{{ACCESS_TOKEN}}",
							"type": "string"
						}
					]
				},
				"method": "GET",
				"header": [],
				"url": {
					"raw": "{{CHAT_BASE_URL}}/chat/user/partners/",
					"host": [
						"{{CHAT_BASE_URL}}"
					],
					"path": [
						"chat",
						"user",
						"partners",
						""
					]
				}
			},
			"response": []
		}
	]
}