{
	"info": {
		"_postman_id": "7b8c44e9-876e-4bb4-9e8b-f8bca0740b8e",
		"name": "Guest House",
		"schema": "https://schema.getpostman.com/json/collection/v2.1.0/collection.json",
		"_exporter_id": "5655915",
		"_collection_link": "https://cloudy-equinox-860261.postman.co/workspace/Guest-House~cde9bfef-9e8a-4bb5-8161-d2c0b11cab54/collection/5655915-7b8c44e9-876e-4bb4-9e8b-f8bca0740b8e?action=share&source=collection_link&creator=5655915"
	},
	"item": [
		{
			"name": "Auth",
			"item": [
				{
					"name": "Login",
					"event": [
						{
							"listen": "test",
							"script": {
								"exec": [
									"const loginResponse = JSON.parse(responseBody);",
									"pm.environment.set(\"ACCESS_TOKEN\", loginResponse.data?.access_token);",
									"pm.environment.set(\"REFRESH_TOKEN\", loginResponse.data?.refresh_token);"
								],
								"type": "text/javascript",
								"packages": {}
							}
						}
					],
					"request": {
						"method": "POST",
						"header": [],
						"body": {
							"mode": "raw",
							"raw": "{\n    \"u_type\": \"host\",\n    \"phone_number\": \"01756046137\",\n    \"password\": \"12345\"\n}",
							"options": {
								"raw": {
									"language": "json"
								}
							}
						},
						"url": {
							"raw": "{{BASE_URL}}/accounts/public/login/",
							"host": [
								"{{BASE_URL}}"
							],
							"path": [
								"accounts",
								"public",
								"login",
								""
							]
						}
					},
					"response": []
				},
				{
					"name": "Register",
					"request": {
						"method": "POST",
						"header": [],
						"body": {
							"mode": "raw",
							"raw": "{\n    \"full_name\": \"Chat Test\",\n    \"phone_number\": \"00230812563\",\n    \"u_type\": \"guest\",\n    \"password\": \"123456\",\n    \"otp\": \"55555\"\n}",
							"options": {
								"raw": {
									"language": "json"
								}
							}
						},
						"url": {
							"raw": "{{BASE_URL}}/accounts/public/register/",
							"host": [
								"{{BASE_URL}}"
							],
							"path": [
								"accounts",
								"public",
								"register",
								""
							]
						}
					},
					"response": []
				},
				{
					"name": "Reset Password",
					"request": {
						"method": "POST",
						"header": [],
						"body": {
							"mode": "raw",
							"raw": "{\n    \"phone_number\": \"01630811627\",\n    \"u_type\": \"host\",\n    \"otp\": \"55555\",\n    \"password\": \"123456\"\n}",
							"options": {
								"raw": {
									"language": "json"
								}
							}
						},
						"url": {
							"raw": "{{BASE_URL}}/accounts/public/reset-password/",
							"host": [
								"{{BASE_URL}}"
							],
							"path": [
								"accounts",
								"public",
								"reset-password",
								""
							]
						}
					},
					"response": []
				},
				{
					"name": "Refresh Token",
					"request": {
						"method": "POST",
						"header": [],
						"body": {
							"mode": "raw",
							"raw": "{\n    \"refresh_token\": \"eyJhbGciOiJIUzI1NiIsInR5cCI6IkpXVCJ9.eyJ1c2VybmFtZSI6IjAxNjMwODExNjI0X2hvc3QiLCJleHAiOjE2OTY2MjAzMDgsInRva2VuX3R5cGUiOiJyZWZyZXNoIn0.PiEMnNPeun6b26dLshBOoz7bKuf4WLxHIOIRpYJu3hg\"\n}",
							"options": {
								"raw": {
									"language": "json"
								}
							}
						},
						"url": {
							"raw": "{{BASE_URL}}/accounts/public/refresh-token/",
							"host": [
								"{{BASE_URL}}"
							],
							"path": [
								"accounts",
								"public",
								"refresh-token",
								""
							]
						}
					},
					"response": []
				},
				{
					"name": "Logout",
					"request": {
						"auth": {
							"type": "bearer",
							"bearer": [
								{
									"key": "token",
									"value": "{{ACCESS_TOKEN}}",
									"type": "string"
								}
							]
						},
						"method": "DELETE",
						"header": [],
						"url": {
							"raw": "{{BASE_URL}}/accounts/user/logout/",
							"host": [
								"{{BASE_URL}}"
							],
							"path": [
								"accounts",
								"user",
								"logout",
								""
							]
						}
					},
					"response": []
				},
				{
					"name": "Admin Login",
					"event": [
						{
							"listen": "test",
							"script": {
								"exec": [
									"const loginResponse = JSON.parse(responseBody);",
									"pm.environment.set(\"ACCESS_TOKEN\", loginResponse.data?.access_token);",
									"pm.environment.set(\"REFRESH_TOKEN\", loginResponse.data?.refresh_token);"
								],
								"type": "text/javascript",
								"packages": {}
							}
						}
					],
					"request": {
						"method": "POST",
						"header": [],
						"body": {
							"mode": "raw",
							"raw": "{\n    \"email\": \"admin@gmail.com\",\n    \"password\": \"admin\"\n}",
							"options": {
								"raw": {
									"language": "json"
								}
							}
						},
						"url": {
							"raw": "{{BASE_URL}}/accounts/public/login/",
							"host": [
								"{{BASE_URL}}"
							],
							"path": [
								"accounts",
								"public",
								"login",
								""
							]
						}
					},
					"response": []
				},
				{
					"name": "Admin Password Reset",
					"request": {
						"method": "POST",
						"header": [],
						"body": {
							"mode": "raw",
							"raw": "{\n    \"email\": \"mahmudul.hassan240@gmail.com\",\n    \"otp\": \"55555\", \n    \"password\": \"123456\"\n\n}",
							"options": {
								"raw": {
									"language": "json"
								}
							}
						},
						"url": {
							"raw": "{{BASE_URL}}/accounts/public/admin-reset-password/",
							"host": [
								"{{BASE_URL}}"
							],
							"path": [
								"accounts",
								"public",
								"admin-reset-password",
								""
							]
						}
					},
					"response": []
				},
				{
					"name": "Otp Request",
					"request": {
						"method": "POST",
						"header": [],
						"body": {
							"mode": "raw",
							"raw": "{\n    \"phone_number\": \"01630811324\",\n    \"scope\": \"register\",\n    \"u_type\": \"host\"\n}",
							"options": {
								"raw": {
									"language": "json"
								}
							}
						},
						"url": {
							"raw": "{{BASE_URL}}/accounts/public/otp-request/",
							"host": [
								"{{BASE_URL}}"
							],
							"path": [
								"accounts",
								"public",
								"otp-request",
								""
							]
						}
					},
					"response": []
				},
				{
					"name": "Otp Validate",
					"request": {
						"method": "POST",
						"header": [],
						"body": {
							"mode": "raw",
							"raw": "{\n    \"username\": \"01630811627\",\n    \"scope\": \"reset_password\",\n    \"u_type\": \"host\",\n    \"otp\": \"55555\"\n}",
							"options": {
								"raw": {
									"language": "json"
								}
							}
						},
						"url": {
							"raw": "{{BASE_URL}}/accounts/public/otp-validate/",
							"host": [
								"{{BASE_URL}}"
							],
							"path": [
								"accounts",
								"public",
								"otp-validate",
								""
							]
						}
					},
					"response": []
				}
			]
		},
		{
			"name": "User",
			"item": [
				{
					"name": "Profile Get",
					"request": {
						"auth": {
							"type": "bearer",
							"bearer": [
								{
									"key": "token",
									"value": "{{ACCESS_TOKEN}}",
									"type": "string"
								}
							]
						},
						"method": "GET",
						"header": [],
						"url": {
							"raw": "{{BASE_URL}}/accounts/user/profile/",
							"host": [
								"{{BASE_URL}}"
							],
							"path": [
								"accounts",
								"user",
								"profile",
								""
							]
						}
					},
					"response": []
				},
				{
					"name": "Otp Request",
					"request": {
						"auth": {
							"type": "bearer",
							"bearer": [
								{
									"key": "token",
									"value": "{{ACCESS_TOKEN}}",
									"type": "string"
								}
							]
						},
						"method": "POST",
						"header": [],
						"body": {
							"mode": "raw",
							"raw": "{\n    \"scope\": \"email_verify\",\n    \"email\": \"mahmudul.hassan240@gmail.com\"\n}",
							"options": {
								"raw": {
									"language": "json"
								}
							}
						},
						"url": {
							"raw": "{{BASE_URL}}/accounts/user/otp-request/",
							"host": [
								"{{BASE_URL}}"
							],
							"path": [
								"accounts",
								"user",
								"otp-request",
								""
							]
						}
					},
					"response": []
				},
				{
					"name": "Otp Validate",
					"request": {
						"auth": {
							"type": "bearer",
							"bearer": [
								{
									"key": "token",
									"value": "{{ACCESS_TOKEN}}",
									"type": "string"
								}
							]
						},
						"method": "POST",
						"header": [],
						"body": {
							"mode": "raw",
							"raw": "{\n    \"scope\": \"email_verify\",\n    \"otp\": \"55555\"\n}",
							"options": {
								"raw": {
									"language": "json"
								}
							}
						},
						"url": {
							"raw": "{{BASE_URL}}/accounts/user/otp-validate/",
							"host": [
								"{{BASE_URL}}"
							],
							"path": [
								"accounts",
								"user",
								"otp-validate",
								""
							]
						}
					},
					"response": []
				},
				{
					"name": "Profile Update",
					"request": {
						"auth": {
							"type": "bearer",
							"bearer": [
								{
									"key": "token",
									"value": "{{ACCESS_TOKEN}}",
									"type": "string"
								}
							]
						},
						"method": "PATCH",
						"header": [],
						"body": {
							"mode": "raw",
							"raw": "{\n    \"image\": \"https://dummyimage.com/600x400/000/fff\"\n}",
							"options": {
								"raw": {
									"language": "json"
								}
							}
						},
						"url": {
							"raw": "{{BASE_URL}}/accounts/user/profile/",
							"host": [
								"{{BASE_URL}}"
							],
							"path": [
								"accounts",
								"user",
								"profile",
								""
							]
						}
					},
					"response": []
				},
				{
					"name": "Identity Verification",
					"request": {
						"auth": {
							"type": "bearer",
							"bearer": [
								{
									"key": "token",
									"value": "{{ACCESS_TOKEN}}",
									"type": "string"
								}
							]
						},
						"method": "POST",
						"header": [],
						"body": {
							"mode": "raw",
							"raw": "{\n    \"document_type\": \"passport\",\n    \"front_image\": \"url\",\n    \"back_image\": \"url\"\n}",
							"options": {
								"raw": {
									"language": "json"
								}
							}
						},
						"url": {
							"raw": "{{BASE_URL}}/accounts/user/identity-verification/",
							"host": [
								"{{BASE_URL}}"
							],
							"path": [
								"accounts",
								"user",
								"identity-verification",
								""
							]
						}
					},
					"response": []
				},
				{
					"name": "Email Verification",
					"request": {
						"auth": {
							"type": "bearer",
							"bearer": [
								{
									"key": "token",
									"value": "{{ACCESS_TOKEN}}",
									"type": "string"
								}
							]
						},
						"method": "POST",
						"header": [],
						"body": {
							"mode": "raw",
							"raw": "{\n    \"email\": \"khan@gmail.com\",\n    \"otp\": \"55555\",\n    \"otp_verify\": true\n}",
							"options": {
								"raw": {
									"language": "json"
								}
							}
						},
						"url": {
							"raw": "{{BASE_URL}}/accounts/user/email-verification/",
							"host": [
								"{{BASE_URL}}"
							],
							"path": [
								"accounts",
								"user",
								"email-verification",
								""
							]
						}
					},
					"response": []
				},
				{
					"name": "Password Change",
					"request": {
						"auth": {
							"type": "bearer",
							"bearer": [
								{
									"key": "token",
									"value": "{{ACCESS_TOKEN}}",
									"type": "string"
								}
							]
						},
						"method": "POST",
						"header": [],
						"body": {
							"mode": "raw",
							"raw": "{\n    \"old_password\": \"123456d\",\n    \"new_password\": \"123456\"\n}",
							"options": {
								"raw": {
									"language": "json"
								}
							}
						},
						"url": {
							"raw": "{{BASE_URL}}/accounts/user/password-change/",
							"host": [
								"{{BASE_URL}}"
							],
							"path": [
								"accounts",
								"user",
								"password-change",
								""
							]
						}
					},
					"response": []
				},
				{
					"name": "reviews",
					"request": {
						"auth": {
							"type": "bearer",
							"bearer": [
								{
									"key": "token",
									"value": "{{ACCESS_TOKEN}}",
									"type": "string"
								}
							]
						},
						"method": "GET",
						"header": [],
						"url": {
							"raw": "{{BASE_URL}}/accounts/user/reviews/",
							"host": [
								"{{BASE_URL}}"
							],
							"path": [
								"accounts",
								"user",
								"reviews",
								""
							]
						}
					},
					"response": []
				},
				{
					"name": "Public Profile Get",
					"request": {
						"method": "GET",
						"header": [],
						"url": {
							"raw": "{{BASE_URL}}/accounts/public/profile/3/",
							"host": [
								"{{BASE_URL}}"
							],
							"path": [
								"accounts",
								"public",
								"profile",
								"3",
								""
							],
							"query": [
								{
									"key": "is_chat",
									"value": "true",
									"disabled": true
								}
							]
						}
					},
					"response": []
				},
				{
					"name": "Mobile login",
					"request": {
						"auth": {
							"type": "bearer",
							"bearer": [
								{
									"key": "token",
									"value": "{{ACCESS_TOKEN}}",
									"type": "string"
								}
							]
						},
						"method": "POST",
						"header": [],
						"body": {
							"mode": "raw",
							"raw": "{\n    \"action\": \"login\"\n}",
							"options": {
								"raw": {
									"language": "json"
								}
							}
						},
						"url": {
							"raw": "{{BASE_URL}}/accounts/user/mobile-login/",
							"host": [
								"{{BASE_URL}}"
							],
							"path": [
								"accounts",
								"user",
								"mobile-login",
								""
							]
						}
					},
					"response": []
				}
			]
		},
		{
			"name": "FileUpload",
			"item": [
				{
					"name": "File Upload",
					"request": {
						"auth": {
							"type": "bearer",
							"bearer": [
								{
									"key": "token",
									"value": "{{ACCESS_TOKEN}}",
									"type": "string"
								}
							]
						},
						"method": "POST",
						"header": [],
						"body": {
							"mode": "formdata",
							"formdata": [
								{
									"key": "document",
									"type": "file",
									"src": "/home/mahmudul/Desktop/2.sm.webp"
								},
								{
									"key": "folder",
									"value": "listings",
									"type": "text"
								}
							]
						},
						"url": {
							"raw": "{{BASE_URL}}/document-upload/",
							"host": [
								"{{BASE_URL}}"
							],
							"path": [
								"document-upload",
								""
							]
						}
					},
					"response": []
				}
			]
		},
		{
			"name": "Host",
			"item": [
				{
					"name": "Listings",
					"item": [
						{
							"name": "Listing Create",
							"request": {
								"auth": {
									"type": "bearer",
									"bearer": [
										{
											"key": "token",
											"value": "{{ACCESS_TOKEN}}",
											"type": "string"
										}
									]
								},
								"method": "POST",
								"header": [],
								"body": {
									"mode": "raw",
									"raw": "{\n}",
									"options": {
										"raw": {
											"language": "json"
										}
									}
								},
								"url": {
									"raw": "{{BASE_URL}}/listings/host/listings/",
									"host": [
										"{{BASE_URL}}"
									],
									"path": [
										"listings",
										"host",
										"listings",
										""
									]
								}
							},
							"response": []
						},
						{
							"name": "Listing Update",
							"request": {
								"auth": {
									"type": "bearer",
									"bearer": [
										{
											"key": "token",
											"value": "{{ACCESS_TOKEN}}",
											"type": "string"
										}
									]
								},
								"method": "PATCH",
								"header": [],
								"body": {
									"mode": "raw",
									"raw": "{\n    \"price\": 10\n}",
									"options": {
										"raw": {
											"language": "json"
										}
									}
								},
								"url": {
									"raw": "{{BASE_URL}}/listings/host/listings/25a2cf1c-77e8-4285-9290-e830727894ac/",
									"host": [
										"{{BASE_URL}}"
									],
									"path": [
										"listings",
										"host",
										"listings",
										"25a2cf1c-77e8-4285-9290-e830727894ac",
										""
									]
								}
							},
							"response": []
						},
						{
							"name": "Listing Retrieve",
							"request": {
								"auth": {
									"type": "bearer",
									"bearer": [
										{
											"key": "token",
											"value": "{{ACCESS_TOKEN}}",
											"type": "string"
										}
									]
								},
								"method": "GET",
								"header": [],
								"url": {
									"raw": "{{BASE_URL}}/listings/host/listings/1/",
									"host": [
										"{{BASE_URL}}"
									],
									"path": [
										"listings",
										"host",
										"listings",
										"1",
										""
									]
								}
							},
							"response": []
						},
						{
							"name": "Listing List",
							"request": {
								"auth": {
									"type": "bearer",
									"bearer": [
										{
											"key": "token",
											"value": "{{ACCESS_TOKEN}}",
											"type": "string"
										}
									]
								},
								"method": "GET",
								"header": [],
								"url": {
									"raw": "{{BASE_URL}}/listings/host/listings/?page_size=10&page=1",
									"host": [
										"{{BASE_URL}}"
									],
									"path": [
										"listings",
										"host",
										"listings",
										""
									],
									"query": [
										{
											"key": "page_size",
											"value": "10"
										},
										{
											"key": "page",
											"value": "1"
										}
									]
								}
							},
							"response": []
						},
						{
							"name": "Configurations",
							"protocolProfileBehavior": {
								"disableBodyPruning": true
							},
							"request": {
								"auth": {
									"type": "bearer",
									"bearer": [
										{
											"key": "token",
											"value": "{{ACCESS_TOKEN}}",
											"type": "string"
										}
									]
								},
								"method": "GET",
								"header": [],
								"body": {
									"mode": "raw",
									"raw": ""
								},
								"url": {
									"raw": "{{BASE_URL}}/listings/host/configurations/",
									"host": [
										"{{BASE_URL}}"
									],
									"path": [
										"listings",
										"host",
										"configurations",
										""
									]
								}
							},
							"response": []
						}
					]
				},
				{
					"name": "Listing Calendar",
					"item": [
						{
							"name": "Create",
							"request": {
								"auth": {
									"type": "bearer",
									"bearer": [
										{
											"key": "token",
											"value": "{{ACCESS_TOKEN}}",
											"type": "string"
										}
									]
								},
								"method": "POST",
								"header": [],
								"body": {
									"mode": "raw",
									"raw": "{\n    \"data\": [\n        {\n            \"booking_data\": {},\n            \"end_date\": \"2023-11-05\",\n            \"is_blocked\": false,\n            \"is_booked\": false,\n            \"price\": \"5000\",\n            \"start_date\": \"2023-11-05\"\n        },\n        {\n            \"booking_data\": {},\n            \"end_date\": \"2023-11-06\",\n            \"is_blocked\": false,\n            \"is_booked\": false,\n            \"price\": \"5000\",\n            \"start_date\": \"2023-11-06\"\n        },\n        {\n            \"booking_data\": {},\n            \"end_date\": \"2023-11-07\",\n            \"is_blocked\": false,\n            \"is_booked\": false,\n            \"price\": \"5000\",\n            \"start_date\": \"2023-11-07\"\n        },\n        {\n            \"booking_data\": {},\n            \"end_date\": \"2023-11-08\",\n            \"is_blocked\": true,\n            \"is_booked\": false,\n            \"price\": \"5000\",\n            \"start_date\": \"2023-11-08\"\n        },\n        {\n            \"booking_data\": {},\n            \"end_date\": \"2023-11-09\",\n            \"is_blocked\": false,\n            \"is_booked\": false,\n            \"price\": \"5000\",\n            \"start_date\": \"2023-11-09\"\n        }\n    ],\n    \"id\": 115\n}",
									"options": {
										"raw": {
											"language": "json"
										}
									}
								},
								"url": {
									"raw": "{{BASE_URL}}/listings/host/listing-calendars/108/",
									"host": [
										"{{BASE_URL}}"
									],
									"path": [
										"listings",
										"host",
										"listing-calendars",
										"108",
										""
									]
								}
							},
							"response": []
						},
						{
							"name": "Get List",
							"protocolProfileBehavior": {
								"disableBodyPruning": true
							},
							"request": {
								"auth": {
									"type": "bearer",
									"bearer": [
										{
											"key": "token",
											"value": "{{ACCESS_TOKEN}}",
											"type": "string"
										}
									]
								},
								"method": "GET",
								"header": [],
								"body": {
									"mode": "raw",
									"raw": "",
									"options": {
										"raw": {
											"language": "json"
										}
									}
								},
								"url": {
									"raw": "{{BASE_URL}}/listings/host/listing-calendars/11/?from_date=2024-09-26&to_date=2024-10-20",
									"host": [
										"{{BASE_URL}}"
									],
									"path": [
										"listings",
										"host",
										"listing-calendars",
										"11",
										""
									],
									"query": [
										{
											"key": "from_date",
											"value": "2024-09-26"
										},
										{
											"key": "to_date",
											"value": "2024-10-20"
										}
									]
								}
							},
							"response": []
						}
					]
				},
				{
					"name": "Reservations",
					"item": [
						{
							"name": "List",
							"protocolProfileBehavior": {
								"disableBodyPruning": true
							},
							"request": {
								"auth": {
									"type": "bearer",
									"bearer": [
										{
											"key": "token",
											"value": "{{ACCESS_TOKEN}}",
											"type": "string"
										}
									]
								},
								"method": "GET",
								"header": [],
								"body": {
									"mode": "formdata",
									"formdata": [
										{
											"key": "event_type",
											"value": "upcoming,currently_hosting,completed",
											"type": "text"
										}
									]
								},
								"url": {
									"raw": "{{BASE_URL}}/bookings/host/reservations/?event_type=completed",
									"host": [
										"{{BASE_URL}}"
									],
									"path": [
										"bookings",
										"host",
										"reservations",
										""
									],
									"query": [
										{
											"key": "event_type",
											"value": "completed"
										}
									]
								}
							},
							"response": []
						},
						{
							"name": "Get Single",
							"request": {
								"auth": {
									"type": "bearer",
									"bearer": [
										{
											"key": "token",
											"value": "{{ACCESS_TOKEN}}",
											"type": "string"
										}
									]
								},
								"method": "GET",
								"header": [],
								"url": {
									"raw": "{{BASE_URL}}/bookings/host/reservations/BK0000004440/",
									"host": [
										"{{BASE_URL}}"
									],
									"path": [
										"bookings",
										"host",
										"reservations",
										"BK0000004440",
										""
									]
								}
							},
							"response": []
						},
						{
							"name": "Host Booking Review",
							"request": {
								"auth": {
									"type": "bearer",
									"bearer": [
										{
											"key": "token",
											"value": "{{ACCESS_TOKEN}}",
											"type": "string"
										}
									]
								},
								"method": "POST",
								"header": [],
								"body": {
									"mode": "raw",
									"raw": "{\n    \"rating\": 5,\n    \"review\": \"test\"\n}",
									"options": {
										"raw": {
											"language": "json"
										}
									}
								},
								"url": {
									"raw": "{{BASE_URL}}/bookings/host/reservations/BK0000002067/reviews/",
									"host": [
										"{{BASE_URL}}"
									],
									"path": [
										"bookings",
										"host",
										"reservations",
										"BK0000002067",
										"reviews",
										""
									]
								}
							},
							"response": []
						},
						{
							"name": "Booking Review Details",
							"request": {
								"auth": {
									"type": "bearer",
									"bearer": [
										{
											"key": "token",
											"value": "{{ACCESS_TOKEN}}",
											"type": "string"
										}
									]
								},
								"method": "GET",
								"header": [],
								"url": {
									"raw": "{{BASE_URL}}/bookings/host/reservations/BK0000002067/reviews/1/",
									"host": [
										"{{BASE_URL}}"
									],
									"path": [
										"bookings",
										"host",
										"reservations",
										"BK0000002067",
										"reviews",
										"1",
										""
									]
								}
							},
							"response": []
						},
						{
							"name": "Stats",
							"request": {
								"auth": {
									"type": "bearer",
									"bearer": [
										{
											"key": "token",
											"value": "{{ACCESS_TOKEN}}",
											"type": "string"
										}
									]
								},
								"method": "GET",
								"header": [],
								"url": {
									"raw": "{{BASE_URL}}/bookings/host/reservation-stats/?event_type=upcoming",
									"host": [
										"{{BASE_URL}}"
									],
									"path": [
										"bookings",
										"host",
										"reservation-stats",
										""
									],
									"query": [
										{
											"key": "event_type",
											"value": "upcoming"
										},
										{
											"key": null,
											"value": null,
											"disabled": true
										}
									]
								},
								"description": "currently_hosting,upcoming,pending_review,checking_out,arriving_soon"
							},
							"response": []
						}
					]
				},
				{
					"name": "Payment Methods",
					"item": [
						{
							"name": "Create",
							"request": {
								"auth": {
									"type": "bearer",
									"bearer": [
										{
											"key": "token",
											"value": "{{ACCESS_TOKEN}}",
											"type": "string"
										}
									]
								},
								"method": "POST",
								"header": [],
								"body": {
									"mode": "raw",
									"raw": "{\n    \"m_type\": \"bkash\",\n    \"account_no\": \"055966666676\",\n    \"account_name\": \"Jhon Doe\",\n    \"routing_number\": \"5888\",\n    \"branch_name\": \"Banani\",\n    \"bank_name\": \"BBL\",\n    \"is_default\": true,\n    \"otp\": \"55555\"\n}",
									"options": {
										"raw": {
											"language": "json"
										}
									}
								},
								"url": {
									"raw": "{{BASE_URL}}/payments/host/pay-methods/",
									"host": [
										"{{BASE_URL}}"
									],
									"path": [
										"payments",
										"host",
										"pay-methods",
										""
									]
								}
							},
							"response": []
						},
						{
							"name": "List",
							"request": {
								"auth": {
									"type": "bearer",
									"bearer": [
										{
											"key": "token",
											"value": "{{ACCESS_TOKEN}}",
											"type": "string"
										}
									]
								},
								"method": "GET",
								"header": [],
								"url": {
									"raw": "{{BASE_URL}}/payments/host/pay-methods/",
									"host": [
										"{{BASE_URL}}"
									],
									"path": [
										"payments",
										"host",
										"pay-methods",
										""
									]
								}
							},
							"response": []
						},
						{
							"name": "get Single",
							"request": {
								"auth": {
									"type": "bearer",
									"bearer": [
										{
											"key": "token",
											"value": "{{ACCESS_TOKEN}}",
											"type": "string"
										}
									]
								},
								"method": "GET",
								"header": [],
								"url": {
									"raw": "{{BASE_URL}}/payments/host/pay-methods/1/",
									"host": [
										"{{BASE_URL}}"
									],
									"path": [
										"payments",
										"host",
										"pay-methods",
										"1",
										""
									]
								}
							},
							"response": []
						},
						{
							"name": "Update",
							"request": {
								"auth": {
									"type": "bearer",
									"bearer": [
										{
											"key": "token",
											"value": "{{ACCESS_TOKEN}}",
											"type": "string"
										}
									]
								},
								"method": "PATCH",
								"header": [],
								"body": {
									"mode": "raw",
									"raw": "{\n    \"m_type\": \"bkash\",\n    \"host\": 2,\n    \"otp\": \"55555\"\n}",
									"options": {
										"raw": {
											"language": "json"
										}
									}
								},
								"url": {
									"raw": "{{BASE_URL}}/payments/host/pay-methods/1/",
									"host": [
										"{{BASE_URL}}"
									],
									"path": [
										"payments",
										"host",
										"pay-methods",
										"1",
										""
									]
								}
							},
							"response": []
						}
					]
				},
				{
					"name": "Payments",
					"item": [
						{
							"name": "List",
							"request": {
								"auth": {
									"type": "bearer",
									"bearer": [
										{
											"key": "token",
											"value": "{{ACCESS_TOKEN}}",
											"type": "string"
										}
									]
								},
								"method": "GET",
								"header": [],
								"url": {
									"raw": "{{BASE_URL}}/payments/host/pay-outs/",
									"host": [
										"{{BASE_URL}}"
									],
									"path": [
										"payments",
										"host",
										"pay-outs",
										""
									]
								}
							},
							"response": []
						},
						{
							"name": "Detail",
							"request": {
								"auth": {
									"type": "bearer",
									"bearer": [
										{
											"key": "token",
											"value": "{{ACCESS_TOKEN}}",
											"type": "string"
										}
									]
								},
								"method": "GET",
								"header": [],
								"url": {
									"raw": "{{BASE_URL}}/payments/host/pay-outs/HP0000000133/",
									"host": [
										"{{BASE_URL}}"
									],
									"path": [
										"payments",
										"host",
										"pay-outs",
										"HP0000000133",
										""
									]
								}
							},
							"response": []
						}
					]
				}
			]
		},
		{
			"name": "Maps",
			"item": [
				{
					"name": "Place Suggestion",
					"request": {
						"auth": {
							"type": "bearer",
							"bearer": [
								{
									"key": "token",
									"value": "{{ACCESS_TOKEN}}",
									"type": "string"
								}
							]
						},
						"method": "GET",
						"header": [],
						"url": {
							"raw": "{{BASE_URL}}/maps/suggestions/?place=sultans dine",
							"host": [
								"{{BASE_URL}}"
							],
							"path": [
								"maps",
								"suggestions",
								""
							],
							"query": [
								{
									"key": "place",
									"value": "sultans dine"
								}
							]
						}
					},
					"response": []
				},
				{
					"name": "Place Details By Id",
					"request": {
						"auth": {
							"type": "bearer",
							"bearer": [
								{
									"key": "token",
									"value": "{{ACCESS_TOKEN}}",
									"type": "string"
								}
							]
						},
						"method": "GET",
						"header": [],
						"url": {
							"raw": "{{BASE_URL}}/maps/places/ChIJhZiGChHHVTcRhRkX3Sj5juU/",
							"host": [
								"{{BASE_URL}}"
							],
							"path": [
								"maps",
								"places",
								"ChIJhZiGChHHVTcRhRkX3Sj5juU",
								""
							]
						}
					},
					"response": []
				},
				{
					"name": "Address By Lat & Lng",
					"request": {
						"auth": {
							"type": "noauth"
						},
						"method": "GET",
						"header": [],
						"url": {
							"raw": "{{BASE_URL}}/maps/addresses/?latitude=23.76311048870824&longitude=90.4319554687866",
							"host": [
								"{{BASE_URL}}"
							],
							"path": [
								"maps",
								"addresses",
								""
							],
							"query": [
								{
									"key": "latitude",
									"value": "23.76311048870824"
								},
								{
									"key": "longitude",
									"value": "90.4319554687866"
								}
							]
						}
					},
					"response": []
				}
			]
		},
		{
			"name": "Admin",
			"item": [
				{
					"name": "Accounts",
					"item": [
						{
							"name": "Staff",
							"item": [
								{
									"name": "Create User",
									"request": {
										"auth": {
											"type": "bearer",
											"bearer": [
												{
													"key": "token",
													"value": "{{ACCESS_TOKEN}}",
													"type": "string"
												}
											]
										},
										"method": "POST",
										"header": [],
										"body": {
											"mode": "raw",
											"raw": "{\n    \"email\": \"admin77@gmail.com\",\n    \"phone_number\": \"01519607715\",\n    \"role\": \"admin\",\n    \"password\": \"123456\"\n}",
											"options": {
												"raw": {
													"language": "json"
												}
											}
										},
										"url": {
											"raw": "{{BASE_URL}}/accounts/admin/staffs/",
											"host": [
												"{{BASE_URL}}"
											],
											"path": [
												"accounts",
												"admin",
												"staffs",
												""
											]
										}
									},
									"response": []
								},
								{
									"name": "User List",
									"request": {
										"auth": {
											"type": "bearer",
											"bearer": [
												{
													"key": "token",
													"value": "{{ACCESS_TOKEN}}",
													"type": "string"
												}
											]
										},
										"method": "GET",
										"header": [],
										"url": {
											"raw": "{{BASE_URL}}/accounts/admin/staffs/",
											"host": [
												"{{BASE_URL}}"
											],
											"path": [
												"accounts",
												"admin",
												"staffs",
												""
											]
										}
									},
									"response": []
								},
								{
									"name": "Update",
									"request": {
										"auth": {
											"type": "bearer",
											"bearer": [
												{
													"key": "token",
													"value": "{{ACCESS_TOKEN}}",
													"type": "string"
												}
											]
										},
										"method": "PATCH",
										"header": [],
										"body": {
											"mode": "raw",
											"raw": "{\n    \"last_name\": \"ALI\",\n    \"first_name\": \"MD. ADNAN\"\n}",
											"options": {
												"raw": {
													"language": "json"
												}
											}
										},
										"url": {
											"raw": "{{BASE_URL}}/accounts/admin/staffs/100/",
											"host": [
												"{{BASE_URL}}"
											],
											"path": [
												"accounts",
												"admin",
												"staffs",
												"100",
												""
											]
										}
									},
									"response": []
								},
								{
									"name": "Get Single",
									"request": {
										"auth": {
											"type": "bearer",
											"bearer": [
												{
													"key": "token",
													"value": "{{ACCESS_TOKEN}}",
													"type": "string"
												}
											]
										},
										"method": "GET",
										"header": [],
										"url": {
											"raw": "{{BASE_URL}}/accounts/admin/staffs/1/",
											"host": [
												"{{BASE_URL}}"
											],
											"path": [
												"accounts",
												"admin",
												"staffs",
												"1",
												""
											]
										}
									},
									"response": []
								}
							]
						},
						{
							"name": "Host/Guest",
							"item": [
								{
									"name": "List",
									"request": {
										"auth": {
											"type": "bearer",
											"bearer": [
												{
													"key": "token",
													"value": "{{ACCESS_TOKEN}}",
													"type": "string"
												}
											]
										},
										"method": "GET",
										"header": [],
										"url": {
											"raw": "{{BASE_URL}}/accounts/admin/users/?page_size=0&u_type=",
											"host": [
												"{{BASE_URL}}"
											],
											"path": [
												"accounts",
												"admin",
												"users",
												""
											],
											"query": [
												{
													"key": "status",
													"value": "active",
													"description": "active, deactivated, restricted",
													"disabled": true
												},
												{
													"key": "identity_verification_status",
													"value": "pending",
													"description": "pending, verified, rejected",
													"disabled": true
												},
												{
													"key": "date_joined_before",
													"value": "2023-09-22",
													"disabled": true
												},
												{
													"key": "date_joined_after",
													"value": "2023-09-19",
													"disabled": true
												},
												{
													"key": "page_size",
													"value": "0"
												},
												{
													"key": "u_type",
													"value": ""
												}
											]
										}
									},
									"response": []
								},
								{
									"name": "SIngle",
									"request": {
										"auth": {
											"type": "bearer",
											"bearer": [
												{
													"key": "token",
													"value": "{{ACCESS_TOKEN}}",
													"type": "string"
												}
											]
										},
										"method": "GET",
										"header": [],
										"url": {
											"raw": "{{BASE_URL}}/accounts/admin/users/7/",
											"host": [
												"{{BASE_URL}}"
											],
											"path": [
												"accounts",
												"admin",
												"users",
												"7",
												""
											]
										}
									},
									"response": []
								},
								{
									"name": "Status Update",
									"request": {
										"auth": {
											"type": "bearer",
											"bearer": [
												{
													"key": "token",
													"value": "{{ACCESS_TOKEN}}",
													"type": "string"
												}
											]
										},
										"method": "PATCH",
										"header": [],
										"body": {
											"mode": "raw",
											"raw": "{\n    \"user_status\": \"active\", \n    \"identity_status\": \"verified\",\n    \"reject_reason\": \"\"\n}\n\n//  both optinal but need to pass atleast on value\n//  user_status -> active, restricted \n//  identity_status ->  verified, rejected",
											"options": {
												"raw": {
													"language": "json"
												}
											}
										},
										"url": {
											"raw": "{{BASE_URL}}/accounts/admin/users/7/",
											"host": [
												"{{BASE_URL}}"
											],
											"path": [
												"accounts",
												"admin",
												"users",
												"7",
												""
											]
										}
									},
									"response": []
								}
							]
						}
					]
				},
				{
					"name": "Listing",
					"item": [
						{
							"name": "List",
							"request": {
								"auth": {
									"type": "bearer",
									"bearer": [
										{
											"key": "token",
											"value": "{{ACCESS_TOKEN}}",
											"type": "string"
										}
									]
								},
								"method": "GET",
								"header": [],
								"url": {
									"raw": "{{BASE_URL}}/listings/admin/listings/?host=4",
									"host": [
										"{{BASE_URL}}"
									],
									"path": [
										"listings",
										"admin",
										"listings",
										""
									],
									"query": [
										{
											"key": "status",
											"value": "in_progress",
											"description": "unpublished, published,  restricted,  pending",
											"disabled": true
										},
										{
											"key": "verification_status",
											"value": "unverified",
											"description": "unverified, verified",
											"disabled": true
										},
										{
											"key": "host",
											"value": "4"
										}
									]
								}
							},
							"response": []
						},
						{
							"name": "Category List",
							"request": {
								"auth": {
									"type": "bearer",
									"bearer": [
										{
											"key": "token",
											"value": "{{ACCESS_TOKEN}}",
											"type": "string"
										}
									]
								},
								"method": "GET",
								"header": [],
								"url": {
									"raw": "{{BASE_URL}}/listings/admin/categories/",
									"host": [
										"{{BASE_URL}}"
									],
									"path": [
										"listings",
										"admin",
										"categories",
										""
									]
								}
							},
							"response": []
						},
						{
							"name": "Listing Detail",
							"request": {
								"auth": {
									"type": "bearer",
									"bearer": [
										{
											"key": "token",
											"value": "{{ACCESS_TOKEN}}",
											"type": "string"
										}
									]
								},
								"method": "GET",
								"header": [],
								"url": {
									"raw": "{{BASE_URL}}/listings/admin/listings/1/",
									"host": [
										"{{BASE_URL}}"
									],
									"path": [
										"listings",
										"admin",
										"listings",
										"1",
										""
									]
								}
							},
							"response": []
						},
						{
							"name": "Listing Status Update",
							"request": {
								"auth": {
									"type": "bearer",
									"bearer": [
										{
											"key": "token",
											"value": "{{ACCESS_TOKEN}}",
											"type": "string"
										}
									]
								},
								"method": "PATCH",
								"header": [],
								"body": {
									"mode": "raw",
									"raw": "{\n    \"listing_status\": \"published\", \n    \"verification_status\": \"unverified\"  \n}",
									"options": {
										"raw": {
											"language": "json"
										}
									}
								},
								"url": {
									"raw": "{{BASE_URL}}/listings/admin/listings/75/",
									"host": [
										"{{BASE_URL}}"
									],
									"path": [
										"listings",
										"admin",
										"listings",
										"75",
										""
									]
								}
							},
							"response": []
						},
						{
							"name": "Listing Lite",
							"request": {
								"auth": {
									"type": "bearer",
									"bearer": [
										{
											"key": "token",
											"value": "{{ACCESS_TOKEN}}",
											"type": "string"
										}
									]
								},
								"method": "GET",
								"header": [],
								"url": {
									"raw": "{{BASE_URL}}/listings/admin/lite-listings/?search=\"Title\"",
									"host": [
										"{{BASE_URL}}"
									],
									"path": [
										"listings",
										"admin",
										"lite-listings",
										""
									],
									"query": [
										{
											"key": "search",
											"value": "\"Title\""
										}
									]
								}
							},
							"response": []
						}
					]
				},
				{
					"name": "Bookings",
					"item": [
						{
							"name": "List",
							"protocolProfileBehavior": {
								"disableBodyPruning": true
							},
							"request": {
								"auth": {
									"type": "bearer",
									"bearer": [
										{
											"key": "token",
											"value": "{{ACCESS_TOKEN}}",
											"type": "string"
										}
									]
								},
								"method": "GET",
								"header": [],
								"body": {
									"mode": "raw",
									"raw": "",
									"options": {
										"raw": {
											"language": "json"
										}
									}
								},
								"url": {
									"raw": "{{BASE_URL}}/bookings/admin/bookings/",
									"host": [
										"{{BASE_URL}}"
									],
									"path": [
										"bookings",
										"admin",
										"bookings",
										""
									],
									"query": [
										{
											"key": "search",
											"value": "01630811624",
											"disabled": true
										},
										{
											"key": "created_at_before",
											"value": "2023-10-15",
											"disabled": true
										},
										{
											"key": "created_at_after",
											"value": "2023-10-01",
											"disabled": true
										},
										{
											"key": "host_payment_status",
											"value": "paid",
											"description": "// unpaid, paid",
											"disabled": true
										},
										{
											"key": "over_due",
											"value": "true",
											"disabled": true
										}
									]
								}
							},
							"response": []
						},
						{
							"name": "Detail",
							"request": {
								"auth": {
									"type": "bearer",
									"bearer": [
										{
											"key": "token",
											"value": "{{ACCESS_TOKEN}}",
											"type": "string"
										}
									]
								},
								"method": "GET",
								"header": [],
								"url": {
									"raw": "{{BASE_URL}}/bookings/admin/bookings/18/",
									"host": [
										"{{BASE_URL}}"
									],
									"path": [
										"bookings",
										"admin",
										"bookings",
										"18",
										""
									]
								}
							},
							"response": []
						},
						{
							"name": "Listing Reviews",
							"request": {
								"auth": {
									"type": "bearer",
									"bearer": [
										{
											"key": "token",
											"value": "{{ACCESS_TOKEN}}",
											"type": "string"
										}
									]
								},
								"method": "GET",
								"header": [],
								"url": {
									"raw": "{{BASE_URL}}/bookings/admin/reviews/?review_by=3&review_for=3",
									"host": [
										"{{BASE_URL}}"
									],
									"path": [
										"bookings",
										"admin",
										"reviews",
										""
									],
									"query": [
										{
											"key": "review_by",
											"value": "3"
										},
										{
											"key": "review_for",
											"value": "3"
										}
									]
								}
							},
							"response": []
						},
						{
							"name": "Report Download",
							"request": {
								"auth": {
									"type": "bearer",
									"bearer": [
										{
											"key": "token",
											"value": "{{ACCESS_TOKEN}}",
											"type": "string"
										}
									]
								},
								"method": "POST",
								"header": [],
								"body": {
									"mode": "raw",
									"raw": "",
									"options": {
										"raw": {
											"language": "json"
										}
									}
								},
								"url": {
									"raw": "{{BASE_URL}}/bookings/admin/download-reports/?event_type=currently_hosting",
									"host": [
										"{{BASE_URL}}"
									],
									"path": [
										"bookings",
										"admin",
										"download-reports",
										""
									],
									"query": [
										{
											"key": "event_type",
											"value": "currently_hosting"
										}
									]
								}
							},
							"response": []
						}
					]
				},
				{
					"name": "Configurations",
					"item": [
						{
							"name": "Service Charge",
							"request": {
								"auth": {
									"type": "bearer",
									"bearer": [
										{
											"key": "token",
											"value": "{{ACCESS_TOKEN}}",
											"type": "string"
										}
									]
								},
								"method": "POST",
								"header": [],
								"body": {
									"mode": "raw",
									"raw": "{\n    \"value\": 2.5,\n    \"sc_type\": \"host_charge\",\n    \"calculation_type\": \"percentage\"\n}",
									"options": {
										"raw": {
											"language": "json"
										}
									}
								},
								"url": {
									"raw": "{{BASE_URL}}/configurations/admin/service-charges/",
									"host": [
										"{{BASE_URL}}"
									],
									"path": [
										"configurations",
										"admin",
										"service-charges",
										""
									]
								}
							},
							"response": []
						},
						{
							"name": "List",
							"request": {
								"auth": {
									"type": "bearer",
									"bearer": [
										{
											"key": "token",
											"value": "{{ACCESS_TOKEN}}",
											"type": "string"
										}
									]
								},
								"method": "GET",
								"header": [],
								"url": {
									"raw": "{{BASE_URL}}/configurations/admin/service-charges/?sc_type=host_charge&start_date=2023-10-29&end_date=2023-10-31",
									"host": [
										"{{BASE_URL}}"
									],
									"path": [
										"configurations",
										"admin",
										"service-charges",
										""
									],
									"query": [
										{
											"key": "sc_type",
											"value": "host_charge"
										},
										{
											"key": "start_date",
											"value": "2023-10-29"
										},
										{
											"key": "end_date",
											"value": "2023-10-31"
										}
									]
								}
							},
							"response": []
						}
					]
				},
				{
					"name": "Payments",
					"item": [
						{
							"name": "Host Payment",
							"request": {
								"auth": {
									"type": "bearer",
									"bearer": [
										{
											"key": "token",
											"value": "{{ACCESS_TOKEN}}",
											"type": "string"
										}
									]
								},
								"method": "POST",
								"header": [],
								"body": {
									"mode": "raw",
									"raw": "{\n    \"booking_ids\": [\"3\"]\n}",
									"options": {
										"raw": {
											"language": "json"
										}
									}
								},
								"url": {
									"raw": "{{BASE_URL}}/payments/admin/host-payments/",
									"host": [
										"{{BASE_URL}}"
									],
									"path": [
										"payments",
										"admin",
										"host-payments",
										""
									]
								}
							},
							"response": []
						},
						{
							"name": "Host Payment List",
							"request": {
								"auth": {
									"type": "bearer",
									"bearer": [
										{
											"key": "token",
											"value": "{{ACCESS_TOKEN}}",
											"type": "string"
										}
									]
								},
								"method": "GET",
								"header": [],
								"url": {
									"raw": "{{BASE_URL}}/payments/admin/host-payments/",
									"host": [
										"{{BASE_URL}}"
									],
									"path": [
										"payments",
										"admin",
										"host-payments",
										""
									]
								}
							},
							"response": []
						},
						{
							"name": "Get Single",
							"request": {
								"auth": {
									"type": "bearer",
									"bearer": [
										{
											"key": "token",
											"value": "{{ACCESS_TOKEN}}",
											"type": "string"
										}
									]
								},
								"method": "GET",
								"header": [],
								"url": {
									"raw": "{{BASE_URL}}/payments/admin/host-payments/HP0000000934/",
									"host": [
										"{{BASE_URL}}"
									],
									"path": [
										"payments",
										"admin",
										"host-payments",
										"HP0000000934",
										""
									]
								}
							},
							"response": []
						},
						{
							"name": "Get Host Payment Methods",
							"request": {
								"auth": {
									"type": "bearer",
									"bearer": [
										{
											"key": "token",
											"value": "{{ACCESS_TOKEN}}",
											"type": "string"
										}
									]
								},
								"method": "GET",
								"header": [],
								"url": {
									"raw": "{{BASE_URL}}/payments/admin/host-pay-methods/?host=4",
									"host": [
										"{{BASE_URL}}"
									],
									"path": [
										"payments",
										"admin",
										"host-pay-methods",
										""
									],
									"query": [
										{
											"key": "host",
											"value": "4"
										}
									]
								}
							},
							"response": []
						}
					]
				},
				{
					"name": "Reports",
					"item": [
						{
							"name": "Booking Statistics",
							"request": {
								"auth": {
									"type": "bearer",
									"bearer": [
										{
											"key": "token",
											"value": "{{ACCESS_TOKEN}}",
											"type": "string"
										}
									]
								},
								"method": "GET",
								"header": [],
								"url": {
									"raw": "{{BASE_URL}}/bookings/admin/statistics/?year=2024",
									"host": [
										"{{BASE_URL}}"
									],
									"path": [
										"bookings",
										"admin",
										"statistics",
										""
									],
									"query": [
										{
											"key": "year",
											"value": "2024"
										}
									]
								}
							},
							"response": []
						},
						{
							"name": "Dashboard Stat",
							"request": {
								"auth": {
									"type": "bearer",
									"bearer": [
										{
											"key": "token",
											"value": "{{ACCESS_TOKEN}}",
											"type": "string"
										}
									]
								},
								"method": "GET",
								"header": [],
								"url": {
									"raw": "{{BASE_URL}}/accounts/admin/dashboard-stat/?query_type=YEARLY",
									"host": [
										"{{BASE_URL}}"
									],
									"path": [
										"accounts",
										"admin",
										"dashboard-stat",
										""
									],
									"query": [
										{
											"key": "query_type",
											"value": "YEARLY",
											"description": "// MONTHLY, WEEKLY"
										}
									]
								}
							},
							"response": []
						},
						{
							"name": "Top Host",
							"request": {
								"auth": {
									"type": "bearer",
									"bearer": [
										{
											"key": "token",
											"value": "{{ACCESS_TOKEN}}",
											"type": "string"
										}
									]
								},
								"method": "GET",
								"header": [],
								"url": {
									"raw": "{{BASE_URL}}/accounts/admin/top-hosts/?query_type=MONTHLY",
									"host": [
										"{{BASE_URL}}"
									],
									"path": [
										"accounts",
										"admin",
										"top-hosts",
										""
									],
									"query": [
										{
											"key": "query_type",
											"value": "MONTHLY"
										}
									]
								}
							},
							"response": []
						}
					]
				},
				{
					"name": "Blogs",
					"item": [
						{
							"name": "Create",
							"request": {
								"auth": {
									"type": "bearer",
									"bearer": [
										{
											"key": "token",
											"value": "{{ACCESS_TOKEN}}",
											"type": "string"
										}
									]
								},
								"method": "POST",
								"header": [],
								"body": {
									"mode": "raw",
									"raw": "{\n    \"title\": \"Sample Blog Title\",\n    \"description\": \"This is a sample blog description.\",\n    \"image\": \"https://example.com/sample-image.jpg\",\n    \"status\": \"published\"\n}\n",
									"options": {
										"raw": {
											"language": "json"
										}
									}
								},
								"url": {
									"raw": "{{BASE_URL}}/blogs/admin/blogs/",
									"host": [
										"{{BASE_URL}}"
									],
									"path": [
										"blogs",
										"admin",
										"blogs",
										""
									]
								}
							},
							"response": []
						},
						{
							"name": "List",
							"request": {
								"auth": {
									"type": "bearer",
									"bearer": [
										{
											"key": "token",
											"value": "{{ACCESS_TOKEN}}",
											"type": "string"
										}
									]
								},
								"method": "GET",
								"header": [],
								"url": {
									"raw": "{{BASE_URL}}/blogs/admin/blogs/?status=published",
									"host": [
										"{{BASE_URL}}"
									],
									"path": [
										"blogs",
										"admin",
										"blogs",
										""
									],
									"query": [
										{
											"key": "status",
											"value": "published",
											"description": "published, draft"
										}
									]
								}
							},
							"response": []
						},
						{
							"name": "Retreive",
							"request": {
								"auth": {
									"type": "bearer",
									"bearer": [
										{
											"key": "token",
											"value": "{{ACCESS_TOKEN}}",
											"type": "string"
										}
									]
								},
								"method": "GET",
								"header": [],
								"url": {
									"raw": "{{BASE_URL}}/blogs/admin/blogs/1/",
									"host": [
										"{{BASE_URL}}"
									],
									"path": [
										"blogs",
										"admin",
										"blogs",
										"1",
										""
									]
								}
							},
							"response": []
						},
						{
							"name": "Update",
							"request": {
								"auth": {
									"type": "bearer",
									"bearer": [
										{
											"key": "token",
											"value": "{{ACCESS_TOKEN}}",
											"type": "string"
										}
									]
								},
								"method": "PATCH",
								"header": [],
								"body": {
									"mode": "raw",
									"raw": "{\n    \"status\": \"draft\"\n}",
									"options": {
										"raw": {
											"language": "json"
										}
									}
								},
								"url": {
									"raw": "{{BASE_URL}}/blogs/admin/blogs/1/",
									"host": [
										"{{BASE_URL}}"
									],
									"path": [
										"blogs",
										"admin",
										"blogs",
										"1",
										""
									]
								}
							},
							"response": []
						}
					]
				},
				{
					"name": "Coupon",
					"item": [
						{
							"name": "create",
							"request": {
								"auth": {
									"type": "bearer",
									"bearer": [
										{
											"key": "token",
											"value": "{{ACCESS_TOKEN}}",
											"type": "string"
										}
									]
								},
								"method": "POST",
								"header": [],
								"body": {
									"mode": "raw",
									"raw": "{\n    \"name\": \"Test\",\n    \"code\": \"Test5809\",\n    \"discount_type\": \"flat\",\n    \"discount_value\": 5,\n    \"start_date\": \"2024-10-06\",\n    \"end_date\": \"2024-11-06\",\n    \"listing\": 1\n}",
									"options": {
										"raw": {
											"language": "json"
										}
									}
								},
								"url": {
									"raw": "{{BASE_URL}}/offers/admin/coupons/",
									"host": [
										"{{BASE_URL}}"
									],
									"path": [
										"offers",
										"admin",
										"coupons",
										""
									]
								}
							},
							"response": []
						},
						{
							"name": "List",
							"request": {
								"auth": {
									"type": "bearer",
									"bearer": [
										{
											"key": "token",
											"value": "{{ACCESS_TOKEN}}",
											"type": "string"
										}
									]
								},
								"method": "GET",
								"header": [],
								"url": {
									"raw": "{{BASE_URL}}/offers/admin/coupons/",
									"host": [
										"{{BASE_URL}}"
									],
									"path": [
										"offers",
										"admin",
										"coupons",
										""
									]
								}
							},
							"response": []
						},
						{
							"name": "Update",
							"request": {
								"auth": {
									"type": "bearer",
									"bearer": [
										{
											"key": "token",
											"value": "{{ACCESS_TOKEN}}",
											"type": "string"
										}
									]
								},
								"method": "PATCH",
								"header": [],
								"body": {
									"mode": "raw",
									"raw": "{\n    \"code\": \"5809\"\n}",
									"options": {
										"raw": {
											"language": "json"
										}
									}
								},
								"url": {
									"raw": "{{BASE_URL}}/offers/admin/coupons/1/",
									"host": [
										"{{BASE_URL}}"
									],
									"path": [
										"offers",
										"admin",
										"coupons",
										"1",
										""
									]
								}
							},
							"response": []
						},
						{
							"name": "Get",
							"request": {
								"auth": {
									"type": "bearer",
									"bearer": [
										{
											"key": "token",
											"value": "{{ACCESS_TOKEN}}",
											"type": "string"
										}
									]
								},
								"method": "GET",
								"header": [],
								"url": {
									"raw": "{{BASE_URL}}/offers/admin/coupons/1/",
									"host": [
										"{{BASE_URL}}"
									],
									"path": [
										"offers",
										"admin",
										"coupons",
										"1",
										""
									]
								}
							},
							"response": []
						}
					]
				}
			]
		},
		{
			"name": "B2C",
			"item": [
				{
					"name": "Listing",
					"item": [
						{
							"name": "List",
							"request": {
								"method": "GET",
								"header": [
									{
										"key": "page_size",
										"value": "1",
										"type": "text"
									}
								],
								"url": {
									"raw": "{{BASE_URL}}/listings/public/listings/",
									"host": [
										"{{BASE_URL}}"
									],
									"path": [
										"listings",
										"public",
										"listings",
										""
									],
									"query": [
										{
											"key": "page_size",
											"value": "3",
											"disabled": true
										},
										{
											"key": "page",
											"value": "3",
											"disabled": true
										},
										{
											"key": "category__in",
											"value": "1",
											"disabled": true
										},
										{
											"key": "bed_count",
											"value": "2",
											"disabled": true
										},
										{
											"key": "bathroom_count",
											"value": "",
											"disabled": true
										},
										{
											"key": "bedroom_count",
											"value": "",
											"disabled": true
										},
										{
											"key": "listing_amenity__in",
											"value": "1,2",
											"disabled": true
										},
										{
											"key": "price_min",
											"value": "10",
											"disabled": true
										},
										{
											"key": "price_max",
											"value": "40",
											"disabled": true
										},
										{
											"key": "latitude",
											"value": null,
											"disabled": true
										},
										{
											"key": "longitude",
											"value": null,
											"disabled": true
										},
										{
											"key": "redius",
											"value": null,
											"disabled": true
										}
									]
								}
							},
							"response": []
						},
						{
							"name": "Category List",
							"request": {
								"method": "GET",
								"header": [],
								"url": {
									"raw": "{{BASE_URL}}/listings/public/configurations/",
									"host": [
										"{{BASE_URL}}"
									],
									"path": [
										"listings",
										"public",
										"configurations",
										""
									]
								}
							},
							"response": []
						},
						{
							"name": "Listing Detail",
							"request": {
								"method": "GET",
								"header": [],
								"url": {
									"raw": "{{BASE_URL}}/listings/public/listings/bec0ec7d-d975-4684-a58b-51b96ae2d3ec/",
									"host": [
										"{{BASE_URL}}"
									],
									"path": [
										"listings",
										"public",
										"listings",
										"bec0ec7d-d975-4684-a58b-51b96ae2d3ec",
										""
									],
									"query": [
										{
											"key": "from_date",
											"value": "2023-10-06",
											"disabled": true
										},
										{
											"key": "to_date",
											"value": "2024-10-08",
											"disabled": true
										}
									]
								}
							},
							"response": []
						},
						{
							"name": "Listing Detail Lite",
							"request": {
								"method": "GET",
								"header": [],
								"url": {
									"raw": "{{BASE_URL}}/listings/public/listings/lite/bec0ec7d-d975-4684-a58b-51b96ae2d3ec/",
									"host": [
										"{{BASE_URL}}"
									],
									"path": [
										"listings",
										"public",
										"listings",
										"lite",
										"bec0ec7d-d975-4684-a58b-51b96ae2d3ec",
										""
									],
									"query": [
										{
											"key": "from_date",
											"value": "2023-10-06",
											"disabled": true
										},
										{
											"key": "to_date",
											"value": "2024-10-08",
											"disabled": true
										}
									]
								}
							},
							"response": []
						},
						{
							"name": "Checkout Calculate",
							"request": {
								"method": "POST",
								"header": [],
								"body": {
									"mode": "raw",
									"raw": "{\n    \"from_date\": \"2023-10-20\",\n    \"to_date\": \"2023-10-21\"\n}",
									"options": {
										"raw": {
											"language": "json"
										}
									}
								},
								"url": {
									"raw": "{{BASE_URL}}/listings/public/listings/25a2cf1c-77e8-4285-9290-e830727894ac/checkout-calculate/",
									"host": [
										"{{BASE_URL}}"
									],
									"path": [
										"listings",
										"public",
										"listings",
										"25a2cf1c-77e8-4285-9290-e830727894ac",
										"checkout-calculate",
										""
									]
								}
							},
							"response": []
						},
						{
							"name": "New Request",
							"request": {
								"method": "GET",
								"header": []
							},
							"response": []
						}
					]
				},
				{
					"name": "Booking",
					"item": [
						{
							"name": "Booking Create",
							"request": {
								"auth": {
									"type": "bearer",
									"bearer": [
										{
											"key": "token",
											"value": "{{ACCESS_TOKEN}}",
											"type": "string"
										}
									]
								},
								"method": "POST",
								"header": [],
								"body": {
									"mode": "raw",
									"raw": "{\n    \"listing\": 108,\n    \"check_in\": \"2023-11-05\",\n    \"check_out\": \"2023-11-08\",\n    \"children_count\": 2,\n    \"infant_count\": 1,\n    \"adult_count\": 1\n}",
									"options": {
										"raw": {
											"language": "json"
										}
									}
								},
								"url": {
									"raw": "{{BASE_URL}}/bookings/user/bookings/",
									"host": [
										"{{BASE_URL}}"
									],
									"path": [
										"bookings",
										"user",
										"bookings",
										""
									]
								}
							},
							"response": []
						},
						{
							"name": "Payment",
							"request": {
								"auth": {
									"type": "bearer",
									"bearer": [
										{
											"key": "token",
											"value": "{{ACCESS_TOKEN}}",
											"type": "string"
										}
									]
								},
								"method": "POST",
								"header": [],
								"body": {
									"mode": "raw",
									"raw": "{\n    \"booking\": \"BK0000007861\"\n}",
									"options": {
										"raw": {
											"language": "json"
										}
									}
								},
								"url": {
									"raw": "{{BASE_URL}}/payments/user/ssl-order-payment/",
									"host": [
										"{{BASE_URL}}"
									],
									"path": [
										"payments",
										"user",
										"ssl-order-payment",
										""
									]
								}
							},
							"response": []
						},
						{
							"name": "Booking Details",
							"request": {
								"auth": {
									"type": "bearer",
									"bearer": [
										{
											"key": "token",
											"value": "{{ACCESS_TOKEN}}",
											"type": "string"
										}
									]
								},
								"method": "GET",
								"header": [],
								"url": {
									"raw": "{{BASE_URL}}/bookings/user/bookings/BK0000002439/",
									"host": [
										"{{BASE_URL}}"
									],
									"path": [
										"bookings",
										"user",
										"bookings",
										"BK0000002439",
										""
									]
								}
							},
							"response": []
						},
						{
							"name": "Booking List",
							"request": {
								"auth": {
									"type": "bearer",
									"bearer": [
										{
											"key": "token",
											"value": "{{ACCESS_TOKEN}}",
											"type": "string"
										}
									]
								},
								"method": "GET",
								"header": [],
								"url": {
									"raw": "{{BASE_URL}}/bookings/user/bookings/",
									"host": [
										"{{BASE_URL}}"
									],
									"path": [
										"bookings",
										"user",
										"bookings",
										""
									]
								}
							},
							"response": []
						},
						{
							"name": "Guest Booking Review",
							"request": {
								"auth": {
									"type": "bearer",
									"bearer": [
										{
											"key": "token",
											"value": "{{ACCESS_TOKEN}}",
											"type": "string"
										}
									]
								},
								"method": "POST",
								"header": [],
								"body": {
									"mode": "raw",
									"raw": "{\n    \"rating\": 5,\n    \"review\": \"test\"\n}",
									"options": {
										"raw": {
											"language": "json"
										}
									}
								},
								"url": {
									"raw": "{{BASE_URL}}/bookings/user/bookings/BK0000005175/reviews/",
									"host": [
										"{{BASE_URL}}"
									],
									"path": [
										"bookings",
										"user",
										"bookings",
										"BK0000005175",
										"reviews",
										""
									]
								}
							},
							"response": []
						},
						{
							"name": "Booking Review Details",
							"request": {
								"auth": {
									"type": "bearer",
									"bearer": [
										{
											"key": "token",
											"value": "{{ACCESS_TOKEN}}",
											"type": "string"
										}
									]
								},
								"method": "GET",
								"header": [],
								"url": {
									"raw": "{{BASE_URL}}/bookings/user/booking/BK0000002067/reviews/1/",
									"host": [
										"{{BASE_URL}}"
									],
									"path": [
										"bookings",
										"user",
										"booking",
										"BK0000002067",
										"reviews",
										"1",
										""
									]
								}
							},
							"response": []
						},
						{
							"name": "Booking Cancel",
							"request": {
								"auth": {
									"type": "bearer",
									"bearer": [
										{
											"key": "token",
											"value": "{{ACCESS_TOKEN}}",
											"type": "string"
										}
									]
								},
								"method": "POST",
								"header": [],
								"body": {
									"mode": "raw",
									"raw": "{\n    \"cancellation_reason\": \"test\"\n}",
									"options": {
										"raw": {
											"language": "json"
										}
									}
								},
								"url": {
									"raw": "{{BASE_URL}}/bookings/user/booking/BK0000002067/cancel/",
									"host": [
										"{{BASE_URL}}"
									],
									"path": [
										"bookings",
										"user",
										"booking",
										"BK0000002067",
										"cancel",
										""
									]
								}
							},
							"response": []
						}
					]
				},
				{
					"name": "Wishlist",
					"item": [
						{
							"name": "Add Item",
							"request": {
								"auth": {
									"type": "bearer",
									"bearer": [
										{
											"key": "token",
											"value": "{{ACCESS_TOKEN}}",
											"type": "string"
										}
									]
								},
								"method": "POST",
								"header": [],
								"body": {
									"mode": "raw",
									"raw": "{\n    \"listing_id\": 108\n}",
									"options": {
										"raw": {
											"language": "json"
										}
									}
								},
								"url": {
									"raw": "{{BASE_URL}}/wishlists/user/wishlist-items/",
									"host": [
										"{{BASE_URL}}"
									],
									"path": [
										"wishlists",
										"user",
										"wishlist-items",
										""
									]
								}
							},
							"response": []
						},
						{
							"name": "List",
							"request": {
								"auth": {
									"type": "bearer",
									"bearer": [
										{
											"key": "token",
											"value": "{{ACCESS_TOKEN}}",
											"type": "string"
										}
									]
								},
								"method": "GET",
								"header": [],
								"url": {
									"raw": "{{BASE_URL}}/wishlists/user/wishlist-items/",
									"host": [
										"{{BASE_URL}}"
									],
									"path": [
										"wishlists",
										"user",
										"wishlist-items",
										""
									]
								}
							},
							"response": []
						},
						{
							"name": "Delete Item",
							"request": {
								"auth": {
									"type": "bearer",
									"bearer": [
										{
											"key": "token",
											"value": "{{ACCESS_TOKEN}}",
											"type": "string"
										}
									]
								},
								"method": "DELETE",
								"header": [],
								"url": {
									"raw": "{{BASE_URL}}/wishlists/user/wishlist-items/108/",
									"host": [
										"{{BASE_URL}}"
									],
									"path": [
										"wishlists",
										"user",
										"wishlist-items",
										"108",
										""
									]
								}
							},
							"response": []
						}
					]
				}
			]
		},
		{
			"name": "Otp",
			"item": [
				{
					"name": "Public",
					"item": [
						{
							"name": "Otp request",
							"request": {
								"method": "POST",
								"header": [],
								"body": {
									"mode": "raw",
									"raw": "{\n    \"phone_number\": \"00230812563\",\n    \"scope\": \"register\", // reset_pasword\n    \"u_type\": \"guest\"\n}",
									"options": {
										"raw": {
											"language": "json"
										}
									}
								},
								"url": {
									"raw": "{{BASE_URL}}/otp/public/otp-request/",
									"host": [
										"{{BASE_URL}}"
									],
									"path": [
										"otp",
										"public",
										"otp-request",
										""
									]
								}
							},
							"response": []
						},
						{
							"name": "Otp Validate",
							"request": {
								"method": "POST",
								"header": [],
								"body": {
									"mode": "raw",
									"raw": "{\n    \"phone_number\": \"01630811629\",\n    \"scope\": \"register\",\n    \"u_type\": \"host\",\n    \"otp\": \"55555\"\n}",
									"options": {
										"raw": {
											"language": "json"
										}
									}
								},
								"url": {
									"raw": "{{BASE_URL}}/otp/public/otp-validate/",
									"host": [
										"{{BASE_URL}}"
									],
									"path": [
										"otp",
										"public",
										"otp-validate",
										""
									]
								}
							},
							"response": []
						}
					]
				},
				{
					"name": "User",
					"item": [
						{
							"name": "Otp request",
							"request": {
								"auth": {
									"type": "bearer",
									"bearer": [
										{
											"key": "token",
											"value": "{{ACCESS_TOKEN}}",
											"type": "string"
										}
									]
								},
								"method": "POST",
								"header": [],
								"body": {
									"mode": "raw",
									"raw": "{\n    \"phone_number\": \"01630811627\",\n    \"scope\": \"payment_method\",\n    \"u_type\": \"host\"\n}",
									"options": {
										"raw": {
											"language": "json"
										}
									}
								},
								"url": {
									"raw": "{{BASE_URL}}/otp/user/otp-request/",
									"host": [
										"{{BASE_URL}}"
									],
									"path": [
										"otp",
										"user",
										"otp-request",
										""
									]
								}
							},
							"response": []
						},
						{
							"name": "Otp Validate",
							"request": {
								"method": "POST",
								"header": [],
								"body": {
									"mode": "raw",
									"raw": "{\n    \"username\": \"01630811627\",\n    \"scope\": \"reset_password\",\n    \"u_type\": \"host\",\n    \"otp\": \"55555\"\n}",
									"options": {
										"raw": {
											"language": "json"
										}
									}
								},
								"url": {
									"raw": "{{BASE_URL}}/otp/user/otp-validate/",
									"host": [
										"{{BASE_URL}}"
									],
									"path": [
										"otp",
										"user",
										"otp-validate",
										""
									]
								}
							},
							"response": []
						}
					]
				}
			]
		},
		{
			"name": "Contact Us",
			"item": [
				{
					"name": "Send Us",
					"request": {
						"method": "POST",
						"header": [],
						"body": {
							"mode": "raw",
							"raw": "{\n    \"first_name\": \"Test\",\n    \"last_name\": \"test\",\n    \"phone_number\": \"01921088662\",\n    \"email\": \"test@gmail.com\",\n    \"text\": \"test\"\n}",
							"options": {
								"raw": {
									"language": "json"
								}
							}
						},
						"url": {
							"raw": "{{BASE_URL}}/contacts/messages/",
							"host": [
								"{{BASE_URL}}"
							],
							"path": [
								"contacts",
								"messages",
								""
							]
						}
					},
					"response": []
				}
			]
		},
		{
			"name": "blog",
			"item": [
				{
					"name": "Blog List",
					"protocolProfileBehavior": {
						"disableBodyPruning": true
					},
					"request": {
						"method": "GET",
						"header": [],
						"body": {
							"mode": "raw",
							"raw": "",
							"options": {
								"raw": {
									"language": "json"
								}
							}
						},
						"url": {
							"raw": "{{BASE_URL}}/blogs/public/blogs/",
							"host": [
								"{{BASE_URL}}"
							],
							"path": [
								"blogs",
								"public",
								"blogs",
								""
							]
						}
					},
					"response": []
				}
			]
		},
		{
			"name": "Notifications",
			"item": [
				{
					"name": "List",
					"request": {
						"auth": {
							"type": "bearer",
							"bearer": [
								{
									"key": "token",
									"value": "{{ACCESS_TOKEN}}",
									"type": "string"
								}
							]
						},
						"method": "GET",
						"header": [],
						"url": {
							"raw": "{{BASE_URL}}/notifications/user/notifications/",
							"host": [
								"{{BASE_URL}}"
							],
							"path": [
								"notifications",
								"user",
								"notifications",
								""
							]
						}
					},
					"response": []
				},
				{
					"name": "Update",
					"request": {
						"auth": {
							"type": "bearer",
							"bearer": [
								{
									"key": "token",
									"value": "{{ACCESS_TOKEN}}",
									"type": "string"
								}
							]
						},
						"method": "PATCH",
						"header": [],
						"body": {
							"mode": "raw",
							"raw": "",
							"options": {
								"raw": {
									"language": "json"
								}
							}
						},
						"url": {
							"raw": "{{BASE_URL}}/notifications/user/notifications/0/?all_read=true",
							"host": [
								"{{BASE_URL}}"
							],
							"path": [
								"notifications",
								"user",
								"notifications",
								"0",
								""
							],
							"query": [
								{
									"key": "all_read",
									"value": "true"
								}
							]
						}
					},
					"response": []
				}
			]
		}
	]
}